ML_Cluster,Daily_Screen_Time(hrs),Sleep_Quality(1-10),Stress_Level(1-10),Days_Without_Social_Media,Exercise_Frequency(week),Age,ScreenSleep_Ratio,Stress_Exercise_Imbalance,Sleep_Stress_Interaction,Digital_Load,Gender_Female,Gender_Male,Gender_Other,Platform_Facebook,Platform_Instagram,Platform_LinkedIn,Platform_TikTok,Platform_X (Twitter),Platform_YouTube,AgeGroup_Teen,AgeGroup_20s,AgeGroup_30s,AgeGroup_40-55,AgeGroup_55+,PlatCat_LongForm,PlatCat_Professional,PlatCat_Social,PlatCat_Text,PlatCat_Visual,Happiness_Index(1-10)
0,5.468452380952381,6.333333333333333,6.559523809523809,3.1726190476190474,2.3511904761904763,34.07738095238095,0.9939869142101285,2.4643353174603173,40.148809523809526,12.295833333333333,0.5357142857142857,0.43452380952380953,0.02976190476190476,0.48214285714285715,0.0,0.5178571428571429,0.0,0.0,0.0,0.1130952380952381,0.25,0.3333333333333333,0.30357142857142855,0.0,0.0,0.5178571428571429,0.48214285714285715,0.0,0.0,8.43452380952381
1,5.730177514792899,6.218934911242603,6.7514792899408285,2.9763313609467454,2.63905325443787,33.562130177514796,1.0381262327416174,2.2737320371935756,40.64497041420118,12.753846153846155,0.42011834319526625,0.5443786982248521,0.03550295857988166,0.0,0.4378698224852071,0.0,0.5621301775147929,0.0,0.0,0.14201183431952663,0.24260355029585798,0.3076923076923077,0.3076923076923077,0.0,0.0,0.0,0.0,0.0,1.0,8.207100591715976
2,5.3858895705521475,6.361963190184049,6.539877300613497,3.2576687116564416,2.3496932515337425,31.26993865030675,0.9654968838251048,2.506178790534619,40.22699386503067,12.128220858895705,0.4171779141104294,0.50920245398773,0.0736196319018405,0.0,0.0,0.0,0.0,0.5398773006134969,0.4601226993865031,0.19631901840490798,0.2883435582822086,0.26993865030674846,0.24539877300613497,0.0,0.4601226993865031,0.0,0.0,0.5398773006134969,0.0,8.49079754601227
